# Account Information
Account Id,Account Login,Name,Email,Status
Jack lumber,Jack lumber,Jack Lumber,Jlumber@gmail.com,Active
Alice Green,Alice Green,Alice Green,agreen@example.com,Active
Bob White,Bob White,Bob White,bwhite@example.com,Suspended
Carol Black,Carol Black,Carol Black,cblack@example.com,Active
David Grey,David Grey,David Grey,dgrey@example.com,Active
Emma Stone,Emma Stone,Emma Stone,estone@example.com,Active
Frank Blue,Frank Blue,Frank Blue,fblue@example.com,Inactive
Grace Silver,Grace Silver,Grace Silver,gsilver@example.com,Active
Harry Gold,Harry Gold,Harry Gold,hgold@example.com,Suspended
Ivy Brown,Ivy Brown,Ivy Brown,ibrown@example.com,Active
Jackie Moon,Jackie Moon,Jackie Moon,jmoon@example.com,Inactive
Kevin Red,Kevin Red,Kevin Red,kred@example.com,Active
Lily White,Lily White,Lily White,lwhite@example.com,Active
Michael Pink,Michael Pink,Michael Pink,mpink@example.com,Inactive
Nancy Purple,Nancy Purple,Nancy Purple,npurple@example.com,Active
Oscar Yellow,Oscar Yellow,Oscar Yellow,oyellow@example.com,Active
Paul Orange,Paul Orange,Paul Orange,porange@example.com,Active
Quincy Blue,Quincy Blue,Quincy Blue,qblue@example.com,Suspended
Rachel Green,Rachel Green,Rachel Green,rgreen@example.com,Active
