AccountId,AccountLogin,FirstName,LastName,Email,Status
lumberJack,Jack lumber,Jack,Lumber,Jlumber@gmail.com,Active
GreenAlice,GreenAlice,Green,Alice,GreenAlice,GreenAlice
WhiteBob,WhiteBob,White,Bob,WhiteBob,WhiteBob
BlackCarol,BlackCarol,Black,Carol,BlackCarol,BlackCarol
GreyDavid,GreyDavid,Grey,David,GreyDavid,GreyDavid
StoneEmma,StoneEmma,Stone,Emma,StoneEmma,StoneEmma
BlueFrank,BlueFrank,Blue,Frank,BlueFrank,BlueFrank
SilverGrace,SilverGrace,Silver,Grace,SilverGrace,SilverGrace
GoldHarry,GoldHarry,Gold,Harry,GoldHarry,GoldHarr
